FBGN,Symbol,Genotype,Mean_expression,Norm_expression
FBgn0031399,mio,GSC CB 2CC,0.266999111,0
FBgn0031399,mio,4CC,0.213988752,-0.061660457
FBgn0031399,mio,8CC,0.29285362,0.029143427
FBgn0031399,mio,16CC 2a 1,0.240330797,-0.030690573
FBgn0031399,mio,16CC 2a 2,0.344840217,0.086019262
FBgn0031399,mio,16CC 2ab,0.192782074,-0.087085031
FBgn0031399,mio,16CC 2b,0.20734199,-0.069581122
FBgn0031399,mio,16CC 3,0.2062185,-0.070924245
FBgn0031399,mio,St2,0.12780155,-0.167902281
FBgn0002989,okr,GSC CB 2CC,0.189410248,0
FBgn0002989,okr,4CC,0.419000706,0.254628896
FBgn0002989,okr,8CC,0.618086263,0.444042111
FBgn0002989,okr,16CC 2a 1,0.550320435,0.382320024
FBgn0002989,okr,16CC 2a 2,0.450988613,0.286789786
FBgn0002989,okr,16CC 2ab,0.507362004,0.341779521
FBgn0002989,okr,16CC 2b,0.281467147,0.107550081
FBgn0002989,okr,16CC 3,0.270686725,0.095361981
FBgn0002989,okr,St2,0.115415897,-0.092664674
FBgn0260817,gkt,GSC CB 2CC,0.111677595,0
FBgn0260817,gkt,4CC,0.073221804,-0.050790173
FBgn0260817,gkt,8CC,0.04897823,-0.083753707
FBgn0260817,gkt,16CC 2a 1,0.043338982,-0.091530476
FBgn0260817,gkt,16CC 2a 2,0.072063229,-0.052348446
FBgn0260817,gkt,16CC 2ab,0.025493649,-0.116419886
FBgn0260817,gkt,16CC 2b,0.004430747,-0.146360346
FBgn0260817,gkt,16CC 3,0.024710252,-0.117522414
FBgn0260817,gkt,St2,0.04023068,-0.09583495
FBgn0031519,Fign,GSC CB 2CC,0.167387444,0
FBgn0031519,Fign,4CC,0.148287276,-0.02379984
FBgn0031519,Fign,8CC,0.244525155,0.092311934
FBgn0031519,Fign,16CC 2a 1,0.354232427,0.214191913
FBgn0031519,Fign,16CC 2a 2,0.618549732,0.471418238
FBgn0031519,Fign,16CC 2ab,0.454916407,0.317652808
FBgn0031519,Fign,16CC 2b,0.236343925,0.082796669
FBgn0031519,Fign,16CC 3,0.169038617,0.00203913
FBgn0031519,Fign,St2,0.084548319,-0.106189126
FBgn0261976,Psf2,GSC CB 2CC,0.747997124,0
FBgn0261976,Psf2,4CC,1.35987511,0.4330077
FBgn0261976,Psf2,8CC,0.806344796,0.04737049
FBgn0261976,Psf2,16CC 2a 1,0.600752572,-0.126952483
FBgn0261976,Psf2,16CC 2a 2,0.684976278,-0.052974531
FBgn0261976,Psf2,16CC 2ab,0.859260887,0.089026408
FBgn0261976,Psf2,16CC 2b,0.595599404,-0.131604321
FBgn0261976,Psf2,16CC 3,0.557005695,-0.16692859
FBgn0261976,Psf2,St2,0.333650672,-0.390321986
FBgn0031655,Marcal1,GSC CB 2CC,0.137861172,0
FBgn0031655,Marcal1,4CC,0.222776948,0.103836711
FBgn0031655,Marcal1,8CC,0.149421097,0.014582885
FBgn0031655,Marcal1,16CC 2a 1,0.212289998,0.091410306
FBgn0031655,Marcal1,16CC 2a 2,0.170304891,0.040559885
FBgn0031655,Marcal1,16CC 2ab,0.179512315,0.051865933
FBgn0031655,Marcal1,16CC 2b,0.148295115,0.013168917
FBgn0031655,Marcal1,16CC 3,0.205006701,0.08271662
FBgn0031655,Marcal1,St2,0.14695661,0.011486266
FBgn0051989,Cap-D3,GSC CB 2CC,0.087991906,0
FBgn0051989,Cap-D3,4CC,0.173596544,0.109268703
FBgn0051989,Cap-D3,8CC,0.167299908,0.101507448
FBgn0051989,Cap-D3,16CC 2a 1,0.25177155,0.202303468
FBgn0051989,Cap-D3,16CC 2a 2,0.12476363,0.047954025
FBgn0051989,Cap-D3,16CC 2ab,0.091360268,0.004459603
FBgn0051989,Cap-D3,16CC 2b,0.059129046,-0.038789445
FBgn0051989,Cap-D3,16CC 3,0.066368501,-0.028961754
FBgn0051989,Cap-D3,St2,0.036883132,-0.069414529
FBgn0031848,Nse1,GSC CB 2CC,0.742060387,0
FBgn0031848,Nse1,4CC,1.169042705,0.316263824
FBgn0031848,Nse1,8CC,1.654798334,0.60780764
FBgn0031848,Nse1,16CC 2a 1,1.243709299,0.365091135
FBgn0031848,Nse1,16CC 2a 2,1.057767515,0.240285363
FBgn0031848,Nse1,16CC 2ab,0.799975582,0.047182701
FBgn0031848,Nse1,16CC 2b,0.348034646,-0.369937059
FBgn0031848,Nse1,16CC 3,0.362380609,-0.354664828
FBgn0031848,Nse1,St2,0.354161402,-0.363394931
FBgn0266666,Sem1,GSC CB 2CC,4.955187784,0
FBgn0266666,Sem1,4CC,4.226057339,-0.188424048
FBgn0266666,Sem1,8CC,3.444953058,-0.421978818
FBgn0266666,Sem1,16CC 2a 1,2.231682687,-0.881861452
FBgn0266666,Sem1,16CC 2a 2,2.272527258,-0.863741792
FBgn0266666,Sem1,16CC 2ab,1.947987612,-1.014416539
FBgn0266666,Sem1,16CC 2b,1.280688582,-1.384677535
FBgn0266666,Sem1,16CC 3,1.74253246,-1.118638305
FBgn0266666,Sem1,St2,2.2991559,-0.852050048
FBgn0031909,CG5181,GSC CB 2CC,0.404491618,0
FBgn0031909,CG5181,4CC,0.517312714,0.111470437
FBgn0031909,CG5181,8CC,0.325027139,-0.084026106
FBgn0031909,CG5181,16CC 2a 1,0.258134105,-0.158762307
FBgn0031909,CG5181,16CC 2a 2,0.312416165,-0.097822745
FBgn0031909,CG5181,16CC 2ab,0.314897625,-0.095097536
FBgn0031909,CG5181,16CC 2b,0.280061687,-0.133834678
FBgn0031909,CG5181,16CC 3,0.191162925,-0.237677259
FBgn0031909,CG5181,St2,0.283839901,-0.12958271
FBgn0002887,mus201,GSC CB 2CC,0.128507419,0
FBgn0002887,mus201,4CC,0.205155931,0.094803921
FBgn0002887,mus201,8CC,0.207258809,0.097319087
FBgn0002887,mus201,16CC 2a 1,0.180483762,0.064962294
FBgn0002887,mus201,16CC 2a 2,0.195245301,0.08289083
FBgn0002887,mus201,16CC 2ab,0.191976128,0.07893944
FBgn0002887,mus201,16CC 2b,0.161867128,0.042029188
FBgn0002887,mus201,16CC 3,0.091400455,-0.048235353
FBgn0002887,mus201,St2,0.132596961,0.005218661
FBgn0027868,Nup107,GSC CB 2CC,1.053966979,0
FBgn0027868,Nup107,4CC,1.342958195,0.189918225
FBgn0027868,Nup107,8CC,1.04230474,-0.008214836
FBgn0027868,Nup107,16CC 2a 1,0.947908619,-0.076486989
FBgn0027868,Nup107,16CC 2a 2,1.010219613,-0.031059866
FBgn0027868,Nup107,16CC 2ab,0.864079443,-0.139949642
FBgn0027868,Nup107,16CC 2b,1.06033784,0.004467933
FBgn0027868,Nup107,16CC 3,1.056315363,0.00164855
FBgn0027868,Nup107,St2,1.0269971,-0.019068963
FBgn0262647,Nup160,GSC CB 2CC,0.18107536,0
FBgn0262647,Nup160,4CC,0.214701272,0.040500539
FBgn0262647,Nup160,8CC,0.056532235,-0.160764237
FBgn0262647,Nup160,16CC 2a 1,0.140712966,-0.050165204
FBgn0262647,Nup160,16CC 2a 2,0.173173524,-0.009684603
FBgn0262647,Nup160,16CC 2ab,0.140632937,-0.050266423
FBgn0262647,Nup160,16CC 2b,0.157228426,-0.029427354
FBgn0262647,Nup160,16CC 3,0.177285772,-0.004636461
FBgn0262647,Nup160,St2,0.190491662,0.011456495
FBgn0020270,mre11,GSC CB 2CC,1.251729684,0
FBgn0020270,mre11,4CC,1.361226181,0.068502599
FBgn0020270,mre11,8CC,1.379483459,0.07961478
FBgn0020270,mre11,16CC 2a 1,1.035769427,-0.145459476
FBgn0020270,mre11,16CC 2a 2,1.022632013,-0.154799778
FBgn0020270,mre11,16CC 2ab,0.938872132,-0.215815984
FBgn0020270,mre11,16CC 2b,0.523718596,-0.563437158
FBgn0020270,mre11,16CC 3,0.610228177,-0.483768505
FBgn0020270,mre11,St2,0.417296152,-0.667892396
FBgn0283467,Pol32,GSC CB 2CC,0.363447928,0
FBgn0283467,Pol32,4CC,0.219979811,-0.160402329
FBgn0283467,Pol32,8CC,0.101782279,-0.307420439
FBgn0283467,Pol32,16CC 2a 1,0.107603971,-0.299817472
FBgn0283467,Pol32,16CC 2a 2,0.074415694,-0.343707319
FBgn0283467,Pol32,16CC 2ab,0.185631253,-0.201604221
FBgn0283467,Pol32,16CC 2b,0.135152871,-0.264373005
FBgn0283467,Pol32,16CC 3,0.10198626,-0.307153368
FBgn0283467,Pol32,St2,0.181215916,-0.206986902
FBgn0041627,Ku80,GSC CB 2CC,0.208127996,0
FBgn0041627,Ku80,4CC,0.205061327,-0.003666742
FBgn0041627,Ku80,8CC,0.267687817,0.069426198
FBgn0041627,Ku80,16CC 2a 1,0.258221945,0.058613119
FBgn0041627,Ku80,16CC 2a 2,0.276056564,0.078918971
FBgn0041627,Ku80,16CC 2ab,0.348971608,0.159086673
FBgn0041627,Ku80,16CC 2b,0.071250615,-0.173477277
FBgn0041627,Ku80,16CC 3,0.068001207,-0.177860033
FBgn0041627,Ku80,St2,0.043383854,-0.211503297
FBgn0040268,Top3alpha,GSC CB 2CC,0.367311515,0
FBgn0040268,Top3alpha,4CC,0.482754189,0.116937478
FBgn0040268,Top3alpha,8CC,0.543483659,0.17484824
FBgn0040268,Top3alpha,16CC 2a 1,0.476042638,0.110392427
FBgn0040268,Top3alpha,16CC 2a 2,0.489319361,0.12331118
FBgn0040268,Top3alpha,16CC 2ab,0.25667175,-0.121734111
FBgn0040268,Top3alpha,16CC 2b,0.270912414,-0.105477361
FBgn0040268,Top3alpha,16CC 3,0.277558865,-0.097952203
FBgn0040268,Top3alpha,St2,0.212143628,-0.173781314
FBgn0032906,RPA2,GSC CB 2CC,4.316285661,0
FBgn0032906,RPA2,4CC,5.157521533,0.211931141
FBgn0032906,RPA2,8CC,6.30205324,0.45788356
FBgn0032906,RPA2,16CC 2a 1,5.092393063,0.196590396
FBgn0032906,RPA2,16CC 2a 2,3.252147937,-0.322226837
FBgn0032906,RPA2,16CC 2ab,2.710456138,-0.518822075
FBgn0032906,RPA2,16CC 2b,2.303063629,-0.686613866
FBgn0032906,RPA2,16CC 3,3.452463302,-0.255814907
FBgn0032906,RPA2,St2,1.548202101,-1.060938923
FBgn0026401,Nipped-B,GSC CB 2CC,4.073342438,0
FBgn0026401,Nipped-B,4CC,5.058417152,0.256004376
FBgn0026401,Nipped-B,8CC,5.065036943,0.257579891
FBgn0026401,Nipped-B,16CC 2a 1,5.202728842,0.289966515
FBgn0026401,Nipped-B,16CC 2a 2,6.065805797,0.477917555
FBgn0026401,Nipped-B,16CC 2ab,5.683975895,0.397769988
FBgn0026401,Nipped-B,16CC 2b,3.969434875,-0.029854744
FBgn0026401,Nipped-B,16CC 3,2.939015261,-0.365101535
FBgn0026401,Nipped-B,St2,1.771116575,-0.872469139
FBgn0265003,koi,GSC CB 2CC,0.42125105,0
FBgn0265003,koi,4CC,0.598379681,0.169448733
FBgn0265003,koi,8CC,0.534240253,0.110363003
FBgn0265003,koi,16CC 2a 1,0.573653384,0.146956389
FBgn0265003,koi,16CC 2a 2,0.518201408,0.095201779
FBgn0265003,koi,16CC 2ab,0.385538971,-0.036714125
FBgn0265003,koi,16CC 2b,0.364805899,-0.058465628
FBgn0265003,koi,16CC 3,0.415566657,-0.00578173
FBgn0265003,koi,St2,0.534850581,0.110936799
FBgn0015929,dpa,GSC CB 2CC,0.902054741,0
FBgn0015929,dpa,4CC,1.40755627,0.34001075
FBgn0015929,dpa,8CC,1.750681426,0.532230294
FBgn0015929,dpa,16CC 2a 1,0.816074672,-0.066735244
FBgn0015929,dpa,16CC 2a 2,0.315607089,-0.53183008
FBgn0015929,dpa,16CC 2ab,0.339945099,-0.505384876
FBgn0015929,dpa,16CC 2b,0.773155564,-0.101239654
FBgn0015929,dpa,16CC 3,1.119727592,0.156320107
FBgn0015929,dpa,St2,0.561242022,-0.284864568
FBgn0002891,mus205,GSC CB 2CC,0.023271063,0
FBgn0002891,mus205,4CC,0.063313069,0.055378065
FBgn0002891,mus205,8CC,0.036639602,0.01872605
FBgn0002891,mus205,16CC 2a 1,0.034064808,0.015138243
FBgn0002891,mus205,16CC 2a 2,0.086918098,0.08705487
FBgn0002891,mus205,16CC 2ab,0.052816597,0.041065774
FBgn0002891,mus205,16CC 2b,0.039995273,0.023388607
FBgn0002891,mus205,16CC 3,0.029203728,0.008340225
FBgn0002891,mus205,St2,0.029843245,0.009236395
FBgn0003612,Su(var)2-10,GSC CB 2CC,0.834358011,0
FBgn0003612,Su(var)2-10,4CC,1.343476628,0.35337517
FBgn0003612,Su(var)2-10,8CC,1.11261667,0.20375578
FBgn0003612,Su(var)2-10,16CC 2a 1,1.338884818,0.350545579
FBgn0003612,Su(var)2-10,16CC 2a 2,1.218412486,0.274252405
FBgn0003612,Su(var)2-10,16CC 2ab,1.240603356,0.288612041
FBgn0003612,Su(var)2-10,16CC 2b,0.683915823,-0.123455215
FBgn0003612,Su(var)2-10,16CC 3,0.610631425,-0.18764885
FBgn0003612,Su(var)2-10,St2,0.526141138,-0.265386847
FBgn0033549,mms4,GSC CB 2CC,0.355088697,0
FBgn0033549,mms4,4CC,0.600204134,0.239868672
FBgn0033549,mms4,8CC,0.692046446,0.320381884
FBgn0033549,mms4,16CC 2a 1,0.503337422,0.149781571
FBgn0033549,mms4,16CC 2a 2,0.413182732,0.06056074
FBgn0033549,mms4,16CC 2ab,0.379662925,0.025928549
FBgn0033549,mms4,16CC 2b,0.217308914,-0.154691962
FBgn0033549,mms4,16CC 3,0.212001448,-0.160995863
FBgn0033549,mms4,St2,0.089741795,-0.314400945
FBgn0026533,Dek,GSC CB 2CC,2.6246214,0
FBgn0026533,Dek,4CC,2.856810423,0.089577923
FBgn0026533,Dek,8CC,2.077617888,-0.23601619
FBgn0026533,Dek,16CC 2a 1,2.581065581,-0.017441371
FBgn0026533,Dek,16CC 2a 2,2.916432902,0.111709931
FBgn0026533,Dek,16CC 2ab,2.726655102,0.040050995
FBgn0026533,Dek,16CC 2b,2.263954467,-0.151209379
FBgn0026533,Dek,16CC 3,1.782648781,-0.381371484
FBgn0026533,Dek,St2,1.52273457,-0.52284189
FBgn0002716,mei-W68,GSC CB 2CC,0.025943669,0
FBgn0002716,mei-W68,4CC,0.085014577,0.080762905
FBgn0002716,mei-W68,8CC,0.167320757,0.18624952
FBgn0002716,mei-W68,16CC 2a 1,0.156487063,0.172797607
FBgn0002716,mei-W68,16CC 2a 2,0.257167107,0.293224911
FBgn0002716,mei-W68,16CC 2ab,0.209008321,0.236872654
FBgn0002716,mei-W68,16CC 2b,0.065530343,0.054620157
FBgn0002716,mei-W68,16CC 3,0.050677049,0.034367771
FBgn0002716,mei-W68,St2,0.005279838,-0.029354362
FBgn0034728,rad50,GSC CB 2CC,0.851431137,0
FBgn0034728,rad50,4CC,0.927062171,0.057762227
FBgn0034728,rad50,8CC,1.339987285,0.3378598
FBgn0034728,rad50,16CC 2a 1,1.509438405,0.438723645
FBgn0034728,rad50,16CC 2a 2,1.03673407,0.137616734
FBgn0034728,rad50,16CC 2ab,0.959222899,0.081640651
FBgn0034728,rad50,16CC 2b,0.709176316,-0.11533966
FBgn0034728,rad50,16CC 3,0.639333722,-0.175531314
FBgn0034728,rad50,St2,0.313944727,-0.494736302
FBgn0034908,CG5543,GSC CB 2CC,0.322718891,0
FBgn0034908,CG5543,4CC,0.409398701,0.091573302
FBgn0034908,CG5543,8CC,0.408297193,0.090445331
FBgn0034908,CG5543,16CC 2a 1,0.426455067,0.108927816
FBgn0034908,CG5543,16CC 2a 2,0.3359996,0.014413089
FBgn0034908,CG5543,16CC 2ab,0.315053061,-0.008385475
FBgn0034908,CG5543,16CC 2b,0.171458374,-0.175200796
FBgn0034908,CG5543,16CC 3,0.199026177,-0.141643332
FBgn0034908,CG5543,St2,0.12337953,-0.235661067
FBgn0050169,Brca2,GSC CB 2CC,0.13408431,0
FBgn0050169,Brca2,4CC,0.131480405,-0.003316297
FBgn0050169,Brca2,8CC,0.10719157,-0.034623033
FBgn0050169,Brca2,16CC 2a 1,0.260518614,0.152489525
FBgn0050169,Brca2,16CC 2a 2,0.150770196,0.021071865
FBgn0050169,Brca2,16CC 2ab,0.290127787,0.185986075
FBgn0050169,Brca2,16CC 2b,0.122610191,-0.014670835
FBgn0050169,Brca2,16CC 3,0.086151409,-0.062302669
FBgn0050169,Brca2,St2,0.105189058,-0.037234713
FBgn0035150,Rev1,GSC CB 2CC,0.484088493,0
FBgn0035150,Rev1,4CC,0.33118128,-0.156870069
FBgn0035150,Rev1,8CC,0.168490478,-0.344931142
FBgn0035150,Rev1,16CC 2a 1,0.237960531,-0.261611801
FBgn0035150,Rev1,16CC 2a 2,0.175859213,-0.335861785
FBgn0035150,Rev1,16CC 2ab,0.142637502,-0.377209334
FBgn0035150,Rev1,16CC 2b,0.107839011,-0.421828873
FBgn0035150,Rev1,16CC 3,0.121428517,-0.404239458
FBgn0035150,Rev1,St2,0.117417895,-0.40940829
FBgn0002872,mu2,GSC CB 2CC,0.141051274,0
FBgn0002872,mu2,4CC,0.32392013,0.214452468
FBgn0002872,mu2,8CC,0.311640404,0.201008627
FBgn0002872,mu2,16CC 2a 1,0.166033798,0.031245984
FBgn0002872,mu2,16CC 2a 2,0.144828274,0.004767586
FBgn0002872,mu2,16CC 2ab,0.210101331,0.084764238
FBgn0002872,mu2,16CC 2b,0.223369913,0.100497079
FBgn0002872,mu2,16CC 3,0.286680752,0.173290518
FBgn0002872,mu2,St2,0.149238502,0.010314611
FBgn0263831,Gen,GSC CB 2CC,0.214270381,0
FBgn0263831,Gen,4CC,0.374000091,0.178292398
FBgn0263831,Gen,8CC,0.489997399,0.295220111
FBgn0263831,Gen,16CC 2a 1,0.489373959,0.294616337
FBgn0263831,Gen,16CC 2a 2,0.327488907,0.128610104
FBgn0263831,Gen,16CC 2ab,0.258751494,0.051903789
FBgn0263831,Gen,16CC 2b,0.221291601,0.008318004
FBgn0263831,Gen,16CC 3,0.150315409,-0.078060208
FBgn0263831,Gen,St2,0.039062757,-0.224806909
FBgn0002899,mus301,GSC CB 2CC,0.108238227,0
FBgn0002899,mus301,4CC,0.146796825,0.049341778
FBgn0002899,mus301,8CC,0.155531708,0.060288812
FBgn0002899,mus301,16CC 2a 1,0.1232592,0.019422841
FBgn0002899,mus301,16CC 2a 2,0.105867289,-0.003089774
FBgn0002899,mus301,16CC 2ab,0.093929587,-0.018748157
FBgn0002899,mus301,16CC 2b,0.0651955,-0.057149798
FBgn0002899,mus301,16CC 3,0.086733145,-0.028270317
FBgn0002899,mus301,St2,0.056712524,-0.068685088
FBgn0040290,RecQ4,GSC CB 2CC,0.557414915,0
FBgn0040290,RecQ4,4CC,1.027125521,0.380282077
FBgn0040290,RecQ4,8CC,1.031919442,0.383689858
FBgn0040290,RecQ4,16CC 2a 1,0.356611223,-0.199146015
FBgn0040290,RecQ4,16CC 2a 2,0.532049946,-0.023690016
FBgn0040290,RecQ4,16CC 2ab,0.509535183,-0.045048965
FBgn0040290,RecQ4,16CC 2b,0.665686578,0.096963616
FBgn0040290,RecQ4,16CC 3,0.702481177,0.1284855
FBgn0040290,RecQ4,St2,0.351435424,-0.204660771
FBgn0020633,Mcm7,GSC CB 2CC,1.267820809,0
FBgn0020633,Mcm7,4CC,1.526019699,0.15555924
FBgn0020633,Mcm7,8CC,1.644583076,0.221733646
FBgn0020633,Mcm7,16CC 2a 1,0.792130071,-0.3396313
FBgn0020633,Mcm7,16CC 2a 2,0.411432126,-0.684146898
FBgn0020633,Mcm7,16CC 2ab,0.475992716,-0.619621049
FBgn0020633,Mcm7,16CC 2b,0.776822618,-0.352006988
FBgn0020633,Mcm7,16CC 3,1.163885742,-0.067682327
FBgn0020633,Mcm7,St2,0.626888315,-0.479191436
FBgn0035996,CG3448,GSC CB 2CC,0.335157916,0
FBgn0035996,CG3448,4CC,0.204526788,-0.148543908
FBgn0035996,CG3448,8CC,0.177200262,-0.181650618
FBgn0035996,CG3448,16CC 2a 1,0.352635591,0.018762833
FBgn0035996,CG3448,16CC 2a 2,0.305356679,-0.032566321
FBgn0035996,CG3448,16CC 2ab,0.24374724,-0.102317062
FBgn0035996,CG3448,16CC 2b,0.20337653,-0.149922262
FBgn0035996,CG3448,16CC 3,0.171266426,-0.188941107
FBgn0035996,CG3448,St2,0.213448393,-0.137897633
FBgn0261530,nbs,GSC CB 2CC,0.266908774,0
FBgn0261530,nbs,4CC,0.324689328,0.064341407
FBgn0261530,nbs,8CC,0.299411675,0.036545929
FBgn0261530,nbs,16CC 2a 1,0.20015953,-0.078086457
FBgn0261530,nbs,16CC 2a 2,0.219183982,-0.055396791
FBgn0261530,nbs,16CC 2ab,0.223365729,-0.050456878
FBgn0261530,nbs,16CC 2b,0.224712038,-0.048870071
FBgn0261530,nbs,16CC 3,0.243289537,-0.027150334
FBgn0261530,nbs,St2,0.214900802,-0.060474123
FBgn0036126,Irbp18,GSC CB 2CC,0.24340026,0
FBgn0036126,Irbp18,4CC,0.124984908,-0.144385137
FBgn0036126,Irbp18,8CC,0.274429411,0.035560682
FBgn0036126,Irbp18,16CC 2a 1,0.238172933,-0.006077958
FBgn0036126,Irbp18,16CC 2a 2,0.171667749,-0.085727264
FBgn0036126,Irbp18,16CC 2ab,0.155895846,-0.105279377
FBgn0036126,Irbp18,16CC 2b,0.081411742,-0.201374859
FBgn0036126,Irbp18,16CC 3,0.073878581,-0.211459902
FBgn0036126,Irbp18,St2,0.081924388,-0.200691107
FBgn0027375,RecQ5,GSC CB 2CC,0.746961773,0
FBgn0027375,RecQ5,4CC,0.761610271,0.012046746
FBgn0027375,RecQ5,8CC,0.887078088,0.111306083
FBgn0027375,RecQ5,16CC 2a 1,0.569974437,-0.154106971
FBgn0027375,RecQ5,16CC 2a 2,0.612117641,-0.115891014
FBgn0027375,RecQ5,16CC 2ab,0.659496428,-0.074102516
FBgn0027375,RecQ5,16CC 2b,0.451653871,-0.267150539
FBgn0027375,RecQ5,16CC 3,0.416570057,-0.302446087
FBgn0027375,RecQ5,St2,0.258885582,-0.472700875
FBgn0036730,qjt,GSC CB 2CC,0.591744475,0
FBgn0036730,qjt,4CC,0.262589308,-0.334223317
FBgn0036730,qjt,8CC,0.129314725,-0.495161155
FBgn0036730,qjt,16CC 2a 1,0.175226153,-0.43767035
FBgn0036730,qjt,16CC 2a 2,0.059055943,-0.587829957
FBgn0036730,qjt,16CC 2ab,0.050035894,-0.600170111
FBgn0036730,qjt,16CC 2b,0.049153082,-0.601383559
FBgn0036730,qjt,16CC 3,0.035964999,-0.619633495
FBgn0036730,qjt,St2,0.024412375,-0.63581217
FBgn0052438,SMC5,GSC CB 2CC,0.816426145,0
FBgn0052438,SMC5,4CC,1.141009681,0.237188612
FBgn0052438,SMC5,8CC,0.883550226,0.052351796
FBgn0052438,SMC5,16CC 2a 1,1.045309351,0.171216358
FBgn0052438,SMC5,16CC 2a 2,0.937221235,0.092886015
FBgn0052438,SMC5,16CC 2ab,0.700416592,-0.095214466
FBgn0052438,SMC5,16CC 2b,0.542757794,-0.235591124
FBgn0052438,SMC5,16CC 3,0.621089826,-0.164138673
FBgn0052438,SMC5,St2,0.329215756,-0.450527408
FBgn0037141,DNApol-eta,GSC CB 2CC,0.239763902,0
FBgn0037141,DNApol-eta,4CC,0.250607342,0.012563489
FBgn0037141,DNApol-eta,8CC,0.572878915,0.343342209
FBgn0037141,DNApol-eta,16CC 2a 1,1.040805047,0.719072969
FBgn0037141,DNApol-eta,16CC 2a 2,1.137246858,0.78568815
FBgn0037141,DNApol-eta,16CC 2ab,1.197372477,0.825714039
FBgn0037141,DNApol-eta,16CC 2b,1.016668403,0.70190848
FBgn0037141,DNApol-eta,16CC 3,1.121197005,0.774813213
FBgn0037141,DNApol-eta,St2,0.663131628,0.423836951
FBgn0015075,Ddx1,GSC CB 2CC,0.708629323,0
FBgn0015075,Ddx1,4CC,0.548152146,-0.142292187
FBgn0015075,Ddx1,8CC,0.449949057,-0.236837234
FBgn0015075,Ddx1,16CC 2a 1,0.54050642,-0.149434752
FBgn0015075,Ddx1,16CC 2a 2,0.424459299,-0.262425047
FBgn0015075,Ddx1,16CC 2ab,0.529784948,-0.159510589
FBgn0015075,Ddx1,16CC 2b,0.400068642,-0.287341886
FBgn0015075,Ddx1,16CC 3,0.248582167,-0.452548682
FBgn0015075,Ddx1,St2,0.338425526,-0.352302581
FBgn0260987,vtd,GSC CB 2CC,0.946114289,0
FBgn0260987,vtd,4CC,0.903203301,-0.032166758
FBgn0260987,vtd,8CC,0.630573995,-0.255216525
FBgn0260987,vtd,16CC 2a 1,0.416125177,-0.458647641
FBgn0260987,vtd,16CC 2a 2,0.402969546,-0.472112744
FBgn0260987,vtd,16CC 2ab,0.46262951,-0.412032062
FBgn0260987,vtd,16CC 2b,0.27343365,-0.611872645
FBgn0260987,vtd,16CC 3,0.202073974,-0.695070756
FBgn0260987,vtd,St2,0.135423895,-0.777365429
FBgn0010247,Parp,GSC CB 2CC,5.010096988,0
FBgn0010247,Parp,4CC,5.255470721,0.057730178
FBgn0010247,Parp,8CC,6.185342297,0.257668613
FBgn0010247,Parp,16CC 2a 1,7.338537003,0.472406012
FBgn0010247,Parp,16CC 2a 2,7.018799421,0.415997979
FBgn0010247,Parp,16CC 2ab,4.689497694,-0.079086985
FBgn0010247,Parp,16CC 2b,3.603996358,-0.384501581
FBgn0010247,Parp,16CC 3,4.220360811,-0.203238749
FBgn0010247,Parp,St2,1.530603664,-1.247906699
FBgn0037263,slx1,GSC CB 2CC,0.230285787,0
FBgn0037263,slx1,4CC,0.195579957,-0.041282866
FBgn0037263,slx1,8CC,0.072171323,-0.19845803
FBgn0037263,slx1,16CC 2a 1,0.090484025,-0.174024848
FBgn0037263,slx1,16CC 2a 2,0.099949156,-0.161556644
FBgn0037263,slx1,16CC 2ab,0.075000194,-0.194656563
FBgn0037263,slx1,16CC 2b,0.081663582,-0.18574162
FBgn0037263,slx1,16CC 3,0.08716113,-0.178427702
FBgn0037263,slx1,St2,0.076841867,-0.192187075
FBgn0026417,Hus1-like,GSC CB 2CC,0.499043011,0
FBgn0026417,Hus1-like,4CC,0.87750245,0.324773013
FBgn0026417,Hus1-like,8CC,1.056003395,0.455800869
FBgn0026417,Hus1-like,16CC 2a 1,0.727500523,0.20464437
FBgn0026417,Hus1-like,16CC 2a 2,0.266177594,-0.243562007
FBgn0026417,Hus1-like,16CC 2ab,0.261663117,-0.248715038
FBgn0026417,Hus1-like,16CC 2b,0.2389902,-0.274877001
FBgn0026417,Hus1-like,16CC 3,0.2038884,-0.316340116
FBgn0026417,Hus1-like,St2,0.124451193,-0.414820736
FBgn0037301,Mms19,GSC CB 2CC,0.217599814,0
FBgn0037301,Mms19,4CC,0.432206541,0.234199518
FBgn0037301,Mms19,8CC,0.301475928,0.096108585
FBgn0037301,Mms19,16CC 2a 1,0.352304911,0.151380437
FBgn0037301,Mms19,16CC 2a 2,0.323435517,0.12024786
FBgn0037301,Mms19,16CC 2ab,0.254494034,0.043065566
FBgn0037301,Mms19,16CC 2b,0.201595568,-0.019088646
FBgn0037301,Mms19,16CC 3,0.214179648,-0.004058146
FBgn0037301,Mms19,St2,0.315942652,0.112056575
FBgn0037338,Snm1,GSC CB 2CC,0.369837191,0
FBgn0037338,Snm1,4CC,0.23878225,-0.145081819
FBgn0037338,Snm1,8CC,0.147335039,-0.255717694
FBgn0037338,Snm1,16CC 2a 1,0.229780242,-0.155603901
FBgn0037338,Snm1,16CC 2a 2,0.284990844,-0.092246355
FBgn0037338,Snm1,16CC 2ab,0.215150558,-0.172869359
FBgn0037338,Snm1,16CC 2b,0.186636816,-0.207125986
FBgn0037338,Snm1,16CC 3,0.169880599,-0.227643143
FBgn0037338,Snm1,St2,0.207073304,-0.182491143
FBgn0037384,dgrn,GSC CB 2CC,0.465561284,0
FBgn0037384,dgrn,4CC,0.49611688,0.029769589
FBgn0037384,dgrn,8CC,0.442669492,-0.022712474
FBgn0037384,dgrn,16CC 2a 1,0.599358927,0.126040447
FBgn0037384,dgrn,16CC 2a 2,0.758195245,0.262641992
FBgn0037384,dgrn,16CC 2ab,0.53496631,0.066753694
FBgn0037384,dgrn,16CC 2b,0.297909646,-0.175263343
FBgn0037384,dgrn,16CC 3,0.285229418,-0.189427389
FBgn0037384,dgrn,St2,0.248687949,-0.23104031
FBgn0010173,RpA-70,GSC CB 2CC,1.746806187,0
FBgn0010173,RpA-70,4CC,1.337769569,-0.232622386
FBgn0010173,RpA-70,8CC,0.690657992,-0.700170276
FBgn0010173,RpA-70,16CC 2a 1,0.264483624,-1.119206766
FBgn0010173,RpA-70,16CC 2a 2,0.364911584,-1.008947619
FBgn0010173,RpA-70,16CC 2ab,0.5460933,-0.829127736
FBgn0010173,RpA-70,16CC 2b,0.6463475,-0.738486236
FBgn0010173,RpA-70,16CC 3,1.287613007,-0.263912105
FBgn0010173,RpA-70,St2,0.638965627,-0.744969521
FBgn0014861,Mcm2,GSC CB 2CC,0.644880421,0
FBgn0014861,Mcm2,4CC,0.852951275,0.171842237
FBgn0014861,Mcm2,8CC,1.085872496,0.342668265
FBgn0014861,Mcm2,16CC 2a 1,0.310751957,-0.327588008
FBgn0014861,Mcm2,16CC 2a 2,0.269549012,-0.373666615
FBgn0014861,Mcm2,16CC 2ab,0.214762791,-0.437308084
FBgn0014861,Mcm2,16CC 2b,0.791402012,0.123106424
FBgn0014861,Mcm2,16CC 3,0.7556244,0.094001519
FBgn0014861,Mcm2,St2,0.384394906,-0.248727169
FBgn0017577,Mcm5,GSC CB 2CC,1.489243459,0
FBgn0017577,Mcm5,4CC,2.018384832,0.278069416
FBgn0017577,Mcm5,8CC,2.495042783,0.489602777
FBgn0017577,Mcm5,16CC 2a 1,0.865286694,-0.416309949
FBgn0017577,Mcm5,16CC 2a 2,0.462881259,-0.766894667
FBgn0017577,Mcm5,16CC 2ab,0.578554813,-0.657102982
FBgn0017577,Mcm5,16CC 2b,0.988769263,-0.323831435
FBgn0017577,Mcm5,16CC 3,1.329823049,-0.095486953
FBgn0017577,Mcm5,St2,0.52424837,-0.707609336
FBgn0037874,Tctp,GSC CB 2CC,15.02887927,0
FBgn0037874,Tctp,4CC,16.6587931,0.139713188
FBgn0037874,Tctp,8CC,12.26437701,-0.273116639
FBgn0037874,Tctp,16CC 2a 1,10.42059509,-0.489035729
FBgn0037874,Tctp,16CC 2a 2,9.942126893,-0.550780365
FBgn0037874,Tctp,16CC 2ab,15.76755904,0.064999125
FBgn0037874,Tctp,16CC 2b,16.91979933,0.160880925
FBgn0037874,Tctp,16CC 3,16.40917211,0.119174041
FBgn0037874,Tctp,St2,26.70819873,0.78963937
FBgn0011774,Irbp,GSC CB 2CC,0.229401162,0
FBgn0011774,Irbp,4CC,0.323455965,0.106354439
FBgn0011774,Irbp,8CC,0.348751366,0.133668668
FBgn0011774,Irbp,16CC 2a 1,0.236639962,0.008469778
FBgn0011774,Irbp,16CC 2a 2,0.416529714,0.204405112
FBgn0011774,Irbp,16CC 2ab,0.349808046,0.134798506
FBgn0011774,Irbp,16CC 2b,0.191389664,-0.045310405
FBgn0011774,Irbp,16CC 3,0.152686707,-0.092955302
FBgn0011774,Irbp,St2,0.105053927,-0.153838978
FBgn0037897,CG5270,GSC CB 2CC,0.018842465,0
FBgn0037897,CG5270,4CC,0.037601236,0.026321106
FBgn0037897,CG5270,8CC,0.036347228,0.024576461
FBgn0037897,CG5270,16CC 2a 1,0.034930161,0.022602417
FBgn0037897,CG5270,16CC 2a 2,0.068541988,0.068712603
FBgn0037897,CG5270,16CC 2ab,0.015062909,-0.005361855
FBgn0037897,CG5270,16CC 2b,0.04371491,0.034796697
FBgn0037897,CG5270,16CC 3,0.040812233,0.030778827
FBgn0037897,CG5270,St2,0.0620836,0.059966333
FBgn0002906,Blm,GSC CB 2CC,0.283765288,0
FBgn0002906,Blm,4CC,0.511449117,0.235550954
FBgn0002906,Blm,8CC,0.466144698,0.191646037
FBgn0002906,Blm,16CC 2a 1,0.306074316,0.024855532
FBgn0002906,Blm,16CC 2a 2,0.38856785,0.113216216
FBgn0002906,Blm,16CC 2ab,0.322104668,0.04245494
FBgn0002906,Blm,16CC 2b,0.238850504,-0.051379353
FBgn0002906,Blm,16CC 3,0.211718213,-0.08332722
FBgn0002906,Blm,St2,0.146592276,-0.163028991
FBgn0002905,mus308,GSC CB 2CC,0.07774768,0
FBgn0002905,mus308,4CC,0.169149854,0.1174404
FBgn0002905,mus308,8CC,0.179508275,0.130166083
FBgn0002905,mus308,16CC 2a 1,0.175187704,0.12487175
FBgn0002905,mus308,16CC 2a 2,0.209880674,0.16684531
FBgn0002905,mus308,16CC 2ab,0.116452806,0.050902811
FBgn0002905,mus308,16CC 2b,0.14423733,0.086366861
FBgn0002905,mus308,16CC 3,0.09644284,0.024811147
FBgn0002905,mus308,St2,0.093381398,0.02077728
FBgn0003480,spn-B,GSC CB 2CC,0.01467821,0
FBgn0003480,spn-B,4CC,0.052765428,0.053161747
FBgn0003480,spn-B,8CC,0.094137923,0.108772339
FBgn0003480,spn-B,16CC 2a 1,0.23090197,0.278693598
FBgn0003480,spn-B,16CC 2a 2,0.119414037,0.141721473
FBgn0003480,spn-B,16CC 2ab,0.128422719,0.153285347
FBgn0003480,spn-B,16CC 2b,0.147546705,0.177530602
FBgn0003480,spn-B,16CC 3,0.150638013,0.181411767
FBgn0003480,spn-B,St2,0.059878714,0.06287691
FBgn0045035,tefu,GSC CB 2CC,0.232128699,0
FBgn0045035,tefu,4CC,0.296803723,0.07380718
FBgn0045035,tefu,8CC,0.227366925,-0.005586346
FBgn0045035,tefu,16CC 2a 1,0.156980059,-0.090788958
FBgn0045035,tefu,16CC 2a 2,0.23590889,0.004419436
FBgn0045035,tefu,16CC 2ab,0.13226648,-0.121939419
FBgn0045035,tefu,16CC 2b,0.116523466,-0.142139384
FBgn0045035,tefu,16CC 3,0.0897027,-0.177218374
FBgn0045035,tefu,St2,0.066339044,-0.20848674
FBgn0026737,CG6171,GSC CB 2CC,0.946115968,0
FBgn0026737,CG6171,4CC,1.074249458,0.091991727
FBgn0026737,CG6171,8CC,0.853651968,-0.070227286
FBgn0026737,CG6171,16CC 2a 1,0.922119632,-0.01789955
FBgn0026737,CG6171,16CC 2a 2,0.82575563,-0.092104003
FBgn0026737,CG6171,16CC 2ab,0.806711374,-0.107231632
FBgn0026737,CG6171,16CC 2b,0.602772852,-0.280027704
FBgn0026737,CG6171,16CC 3,0.49147235,-0.383860451
FBgn0026737,CG6171,St2,0.283092772,-0.600972196
FBgn0038576,Arp5,GSC CB 2CC,0.459975561,0
FBgn0038576,Arp5,4CC,0.490139463,0.02950314
FBgn0038576,Arp5,8CC,0.291326892,-0.177089963
FBgn0038576,Arp5,16CC 2a 1,0.321307766,-0.143977674
FBgn0038576,Arp5,16CC 2a 2,0.347478215,-0.115682271
FBgn0038576,Arp5,16CC 2ab,0.365550634,-0.09646141
FBgn0038576,Arp5,16CC 2b,0.28516074,-0.183995405
FBgn0038576,Arp5,16CC 3,0.295601082,-0.172322641
FBgn0038576,Arp5,St2,0.299049661,-0.168487635
FBgn0261113,Xrp1,GSC CB 2CC,0.136264828,0
FBgn0261113,Xrp1,4CC,0.150150478,0.017523505
FBgn0261113,Xrp1,8CC,0.182770305,0.057870807
FBgn0261113,Xrp1,16CC 2a 1,0.156941254,0.026016489
FBgn0261113,Xrp1,16CC 2a 2,0.599434917,0.493263167
FBgn0261113,Xrp1,16CC 2ab,0.183044436,0.058205141
FBgn0261113,Xrp1,16CC 2b,0.145829101,0.012092762
FBgn0261113,Xrp1,16CC 3,0.021161309,-0.15408834
FBgn0261113,Xrp1,St2,0.033309622,-0.137026512
FBgn0038704,CG5316,GSC CB 2CC,0.305929357,0
FBgn0038704,CG5316,4CC,0.375246666,0.074613548
FBgn0038704,CG5316,8CC,0.407729119,0.108292894
FBgn0038704,CG5316,16CC 2a 1,0.391212595,0.091266041
FBgn0038704,CG5316,16CC 2a 2,0.390371957,0.090394032
FBgn0038704,CG5316,16CC 2ab,0.269029095,-0.041351712
FBgn0038704,CG5316,16CC 2b,0.21919181,-0.09915174
FBgn0038704,CG5316,16CC 3,0.262900212,-0.048336208
FBgn0038704,CG5316,St2,0.16002278,-0.170923721
FBgn0038767,trem,GSC CB 2CC,0.334511887,0
FBgn0038767,trem,4CC,0.429812636,0.099513951
FBgn0038767,trem,8CC,0.453439562,0.123158925
FBgn0038767,trem,16CC 2a 1,0.381794742,0.050231171
FBgn0038767,trem,16CC 2a 2,0.432099369,0.101819444
FBgn0038767,trem,16CC 2ab,0.414618806,0.08410119
FBgn0038767,trem,16CC 2b,0.242964674,-0.102526862
FBgn0038767,trem,16CC 3,0.089441622,-0.292723265
FBgn0038767,trem,St2,0.117282498,-0.256318148
FBgn0038889,Fancm,GSC CB 2CC,0.023177499,0
FBgn0038889,Fancm,4CC,0.116838829,0.126364563
FBgn0038889,Fancm,8CC,0.086957345,0.087238883
FBgn0038889,Fancm,16CC 2a 1,0.101616602,0.106565765
FBgn0038889,Fancm,16CC 2a 2,0.096613282,0.09999841
FBgn0038889,Fancm,16CC 2ab,0.084920713,0.084533171
FBgn0038889,Fancm,16CC 2b,0.052293803,0.040481122
FBgn0038889,Fancm,16CC 3,0.050295119,0.03773832
FBgn0038889,Fancm,St2,0.031630045,0.011869253
FBgn0039065,Rad60,GSC CB 2CC,0.434691078,0
FBgn0039065,Rad60,4CC,0.636326968,0.189720929
FBgn0039065,Rad60,8CC,0.483335741,0.048105053
FBgn0039065,Rad60,16CC 2a 1,0.379804892,-0.056275844
FBgn0039065,Rad60,16CC 2a 2,0.460338672,0.025562863
FBgn0039065,Rad60,16CC 2ab,0.592344596,0.150412455
FBgn0039065,Rad60,16CC 2b,0.453280271,0.018572834
FBgn0039065,Rad60,16CC 3,0.32520589,-0.114523604
FBgn0039065,Rad60,St2,0.188953959,-0.271047276
FBgn0266282,jnj,GSC CB 2CC,0.481608892,0
FBgn0266282,jnj,4CC,0.636174981,0.143162384
FBgn0266282,jnj,8CC,0.597942263,0.10905062
FBgn0266282,jnj,16CC 2a 1,0.410625565,-0.070829571
FBgn0266282,jnj,16CC 2a 2,0.442048112,-0.039045363
FBgn0266282,jnj,16CC 2ab,0.354530394,-0.129371896
FBgn0266282,jnj,16CC 2b,0.240217717,-0.256571258
FBgn0266282,jnj,16CC 3,0.204781365,-0.298393302
FBgn0266282,jnj,St2,0.115047432,-0.410059581
FBgn0039403,Sld5,GSC CB 2CC,0.633014266,0
FBgn0039403,Sld5,4CC,0.624726093,-0.007340875
FBgn0039403,Sld5,8CC,0.84023998,0.172356522
FBgn0039403,Sld5,16CC 2a 1,0.885941354,0.20774742
FBgn0039403,Sld5,16CC 2a 2,0.743136747,0.094148358
FBgn0039403,Sld5,16CC 2ab,0.628862718,-0.003672376
FBgn0039403,Sld5,16CC 2b,0.703482657,0.060949866
FBgn0039403,Sld5,16CC 3,0.813293134,0.151074773
FBgn0039403,Sld5,St2,0.645834208,0.01128162
FBgn0003482,spn-D,GSC CB 2CC,0.070239525,0
FBgn0003482,spn-D,4CC,0.045643657,-0.033542433
FBgn0003482,spn-D,8CC,0.04369362,-0.036235449
FBgn0003482,spn-D,16CC 2a 1,0.107641256,0.04955698
FBgn0003482,spn-D,16CC 2a 2,0.035852093,-0.047115696
FBgn0003482,spn-D,16CC 2ab,0.082166239,0.015988424
FBgn0003482,spn-D,16CC 2b,0.074793394,0.006125644
FBgn0003482,spn-D,16CC 3,0.062707342,-0.010189366
FBgn0003482,spn-D,St2,0.045273279,-0.034053541
FBgn0003479,spn-A,GSC CB 2CC,0.523685286,0
FBgn0003479,spn-A,4CC,0.659837093,0.123476705
FBgn0003479,spn-A,8CC,0.684044056,0.144364933
FBgn0003479,spn-A,16CC 2a 1,0.72270923,0.177114267
FBgn0003479,spn-A,16CC 2a 2,0.735347692,0.187659801
FBgn0003479,spn-A,16CC 2ab,0.715786376,0.171304993
FBgn0003479,spn-A,16CC 2b,0.473915263,-0.047911363
FBgn0003479,spn-A,16CC 3,0.386007645,-0.136629733
FBgn0003479,spn-A,St2,0.38425804,-0.138452046
FBgn0039858,CycG,GSC CB 2CC,2.910145905,0
FBgn0039858,CycG,4CC,4.463464632,0.482593678
FBgn0039858,CycG,8CC,5.173893805,0.658958226
FBgn0039858,CycG,16CC 2a 1,6.242392184,0.889243861
FBgn0039858,CycG,16CC 2a 2,7.019566011,1.036301724
FBgn0039858,CycG,16CC 2ab,5.360631703,0.701947611
FBgn0039858,CycG,16CC 2b,4.735612784,0.552725188
FBgn0039858,CycG,16CC 3,4.095683668,0.382053278
FBgn0039858,CycG,St2,4.386162219,0.462035239
FBgn0040347,mus81,GSC CB 2CC,0.07908037,0
FBgn0040347,mus81,4CC,0.073911864,-0.006926725
FBgn0040347,mus81,8CC,0.067846699,-0.015097774
FBgn0040347,mus81,16CC 2a 1,0.141338069,0.080923867
FBgn0040347,mus81,16CC 2a 2,0.154054023,0.096908439
FBgn0040347,mus81,16CC 2ab,0.124684107,0.059717524
FBgn0040347,mus81,16CC 2b,0.192158483,0.143773716
FBgn0040347,mus81,16CC 3,0.170552144,0.117386882
FBgn0040347,mus81,St2,0.194069088,0.146083991
FBgn0026143,CDC45L,GSC CB 2CC,0.333548086,0
FBgn0026143,CDC45L,4CC,0.727332831,0.373276248
FBgn0026143,CDC45L,8CC,0.683113513,0.335862631
FBgn0026143,CDC45L,16CC 2a 1,0.21836774,-0.1303202
FBgn0026143,CDC45L,16CC 2a 2,0.190976393,-0.163125031
FBgn0026143,CDC45L,16CC 2ab,0.218114559,-0.130620028
FBgn0026143,CDC45L,16CC 2b,0.37775812,0.047052782
FBgn0026143,CDC45L,16CC 3,0.566428699,0.232209254
FBgn0026143,CDC45L,St2,0.532650539,0.200758936
FBgn0023513,CG14803,GSC CB 2CC,0.178402363,0
FBgn0023513,CG14803,4CC,0.322017785,0.165909357
FBgn0023513,CG14803,8CC,0.235723872,0.068524174
FBgn0023513,CG14803,16CC 2a 1,0.279034354,0.118222786
FBgn0023513,CG14803,16CC 2a 2,0.207507431,0.035199839
FBgn0023513,CG14803,16CC 2ab,0.129784698,-0.060784363
FBgn0023513,CG14803,16CC 2b,0.16667595,-0.014428327
FBgn0023513,CG14803,16CC 3,0.149020307,-0.036427933
FBgn0023513,CG14803,St2,0.104312854,-0.093683281
FBgn0002707,mei-9,GSC CB 2CC,0.283875656,0
FBgn0002707,mei-9,4CC,0.164996036,-0.140180438
FBgn0002707,mei-9,8CC,0.205928814,-0.090360736
FBgn0002707,mei-9,16CC 2a 1,0.179041901,-0.122890494
FBgn0002707,mei-9,16CC 2a 2,0.154003776,-0.153857539
FBgn0002707,mei-9,16CC 2ab,0.173942791,-0.129143379
FBgn0002707,mei-9,16CC 2b,0.134822185,-0.178039223
FBgn0002707,mei-9,16CC 3,0.145861557,-0.164072735
FBgn0002707,mei-9,St2,0.108643493,-0.211709971
FBgn0029798,CG4078,GSC CB 2CC,0.085045927,0
FBgn0029798,CG4078,4CC,0.051406617,-0.04543539
FBgn0029798,CG4078,8CC,0.067400894,-0.023653985
FBgn0029798,CG4078,16CC 2a 1,0.041059697,-0.059703311
FBgn0029798,CG4078,16CC 2a 2,0.11467574,0.038867981
FBgn0029798,CG4078,16CC 2ab,0.037616297,-0.064483066
FBgn0029798,CG4078,16CC 2b,0.052994573,-0.043258109
FBgn0029798,CG4078,16CC 3,0.076074231,-0.011978508
FBgn0029798,CG4078,St2,0.043435296,-0.056414969
FBgn0029825,CG12728,GSC CB 2CC,0.188096022,0
FBgn0029825,CG12728,4CC,0.242281022,0.06434013
FBgn0029825,CG12728,8CC,0.253636683,0.077467862
FBgn0029825,CG12728,16CC 2a 1,0.208765917,0.024883448
FBgn0029825,CG12728,16CC 2a 2,0.231509958,0.051776854
FBgn0029825,CG12728,16CC 2ab,0.224164411,0.043145893
FBgn0029825,CG12728,16CC 2b,0.189145709,0.001274063
FBgn0029825,CG12728,16CC 3,0.172458115,-0.019115055
FBgn0029825,CG12728,St2,0.179146295,-0.010908717
FBgn0052756,CG32756,GSC CB 2CC,0.173028642,0
FBgn0052756,CG32756,4CC,0.245832449,0.086871815
FBgn0052756,CG32756,8CC,0.344203216,0.196513021
FBgn0052756,CG32756,16CC 2a 1,0.397097214,0.252194171
FBgn0052756,CG32756,16CC 2a 2,0.24008795,0.080204204
FBgn0052756,CG32756,16CC 2ab,0.099085942,-0.093934039
FBgn0052756,CG32756,16CC 2b,0.114141091,-0.074306298
FBgn0052756,CG32756,16CC 3,0.105095792,-0.086066809
FBgn0052756,CG32756,St2,0.079798502,-0.119476119
FBgn0028360,Cdc7,GSC CB 2CC,0.193024425,0
FBgn0028360,Cdc7,4CC,0.233414162,0.048033736
FBgn0028360,Cdc7,8CC,0.129365443,-0.079111188
FBgn0028360,Cdc7,16CC 2a 1,0.080302209,-0.143188625
FBgn0028360,Cdc7,16CC 2a 2,0.129866921,-0.078470722
FBgn0028360,Cdc7,16CC 2ab,0.084230527,-0.137952048
FBgn0028360,Cdc7,16CC 2b,0.300016184,0.123906003
FBgn0028360,Cdc7,16CC 3,0.393763855,0.224362566
FBgn0028360,Cdc7,St2,0.318963146,0.144780673
FBgn0025815,Mcm6,GSC CB 2CC,1.405935294,0
FBgn0025815,Mcm6,4CC,1.19345228,-0.133394523
FBgn0025815,Mcm6,8CC,1.366703496,-0.023718868
FBgn0025815,Mcm6,16CC 2a 1,0.483622621,-0.697473673
FBgn0025815,Mcm6,16CC 2a 2,0.3171164,-0.869214994
FBgn0025815,Mcm6,16CC 2ab,0.347855752,-0.835931736
FBgn0025815,Mcm6,16CC 2b,0.89521277,-0.344238018
FBgn0025815,Mcm6,16CC 3,1.206310454,-0.124962034
FBgn0025815,Mcm6,St2,0.536003703,-0.647416149
FBgn0029977,hdm,GSC CB 2CC,0.294055367,0
FBgn0029977,hdm,4CC,0.801860073,0.477587635
FBgn0029977,hdm,8CC,0.599037786,0.305304686
FBgn0029977,hdm,16CC 2a 1,0.703368745,0.396491438
FBgn0029977,hdm,16CC 2a 2,0.377413151,0.090062012
FBgn0029977,hdm,16CC 2ab,0.213002234,-0.093317137
FBgn0029977,hdm,16CC 2b,0.047358506,-0.305143991
FBgn0029977,hdm,16CC 3,0.007081819,-0.361718447
FBgn0029977,hdm,St2,0.01090843,-0.356247023
FBgn0030054,Caf1-180,GSC CB 2CC,0.771244063,0
FBgn0030054,Caf1-180,4CC,1.496662758,0.495237942
FBgn0030054,Caf1-180,8CC,1.913649703,0.718064421
FBgn0030054,Caf1-180,16CC 2a 1,0.819350483,0.038660476
FBgn0030054,Caf1-180,16CC 2a 2,0.677689723,-0.078287093
FBgn0030054,Caf1-180,16CC 2ab,0.7568725,-0.011753521
FBgn0030054,Caf1-180,16CC 2b,0.957390755,0.144168774
FBgn0030054,Caf1-180,16CC 3,1.153605545,0.281991013
FBgn0030054,Caf1-180,St2,0.801255418,0.024239753
FBgn0266421,RPA3,GSC CB 2CC,4.558080122,0
FBgn0266421,RPA3,4CC,2.459709494,-0.683935729
FBgn0266421,RPA3,8CC,5.086629491,0.131056916
FBgn0266421,RPA3,16CC 2a 1,6.240624632,0.381527529
FBgn0266421,RPA3,16CC 2a 2,4.319659707,-0.063252671
FBgn0266421,RPA3,16CC 2ab,4.398841487,-0.041936773
FBgn0266421,RPA3,16CC 2b,3.435519916,-0.32548341
FBgn0266421,RPA3,16CC 3,4.218953953,-0.090825959
FBgn0266421,RPA3,St2,2.263889664,-0.767994344
FBgn0030506,Lig4,GSC CB 2CC,0.068960306,0
FBgn0030506,Lig4,4CC,0.094994522,0.034715369
FBgn0030506,Lig4,8CC,0.200397077,0.167303429
FBgn0030506,Lig4,16CC 2a 1,0.280896264,0.260945358
FBgn0030506,Lig4,16CC 2a 2,0.237222998,0.210897274
FBgn0030506,Lig4,16CC 2ab,0.114167312,0.059757613
FBgn0030506,Lig4,16CC 2b,0.133213288,0.084211141
FBgn0030506,Lig4,16CC 3,0.061119898,-0.010620605
FBgn0030506,Lig4,St2,0.074386662,0.007305018
FBgn0259196,CG42300,GSC CB 2CC,0.18625087,0
FBgn0259196,CG42300,4CC,0.031356303,-0.201866318
FBgn0259196,CG42300,8CC,0.049000677,-0.177393536
FBgn0259196,CG42300,16CC 2a 1,0.027390955,-0.207423867
FBgn0259196,CG42300,16CC 2a 2,0.023284768,-0.213201459
FBgn0259196,CG42300,16CC 2ab,0,-0.246409145
FBgn0259196,CG42300,16CC 2b,0.002859839,-0.242289158
FBgn0259196,CG42300,16CC 3,0.005063845,-0.239121996
FBgn0259196,CG42300,St2,0,-0.246409145
FBgn0259195,CG42299,GSC CB 2CC,0.191268371,0
FBgn0259195,CG42299,4CC,0.127680039,-0.079140678
FBgn0259195,CG42299,8CC,0.162423878,-0.035362219
FBgn0259195,CG42299,16CC 2a 1,0.181307357,-0.012114083
FBgn0259195,CG42299,16CC 2a 2,0.021934744,-0.221195387
FBgn0259195,CG42299,16CC 2ab,0.030075407,-0.209748508
FBgn0259195,CG42299,16CC 2b,0.002859839,-0.248378475
FBgn0259195,CG42299,16CC 3,0.010477797,-0.23746084
FBgn0259195,CG42299,St2,0,-0.252498462
FBgn0030657,cerv,GSC CB 2CC,0.175664114,0
FBgn0030657,cerv,4CC,0.194701051,0.023173717
FBgn0030657,cerv,8CC,0.253662958,0.092673596
FBgn0030657,cerv,16CC 2a 1,0.385146517,0.236562646
FBgn0030657,cerv,16CC 2a 2,0.292970894,0.137213856
FBgn0030657,cerv,16CC 2ab,0.281148684,0.123961975
FBgn0030657,cerv,16CC 2b,0.21833398,0.051433728
FBgn0030657,cerv,16CC 3,0.286465851,0.129937219
FBgn0030657,cerv,St2,0.315870455,0.162541524
FBgn0004367,mei-41,GSC CB 2CC,0.08178591,0
FBgn0004367,mei-41,4CC,0.179752885,0.125069687
FBgn0004367,mei-41,8CC,0.213894374,0.16622788
FBgn0004367,mei-41,16CC 2a 1,0.225310571,0.179732453
FBgn0004367,mei-41,16CC 2a 2,0.245974556,0.203859595
FBgn0004367,mei-41,16CC 2ab,0.163786953,0.105411966
FBgn0004367,mei-41,16CC 2b,0.084413885,0.003500478
FBgn0004367,mei-41,16CC 3,0.072843078,-0.01197594
FBgn0004367,mei-41,St2,0.066603411,-0.020391165
FBgn0002709,mei-218,GSC CB 2CC,0.060601046,0
FBgn0002709,mei-218,4CC,0.059023558,-0.002147393
FBgn0002709,mei-218,8CC,0.102684286,0.056137711
FBgn0002709,mei-218,16CC 2a 1,0.304139622,0.298216258
FBgn0002709,mei-218,16CC 2a 2,0.444671401,0.445859305
FBgn0002709,mei-218,16CC 2ab,0.134303028,0.096924031
FBgn0002709,mei-218,16CC 2b,0.164372113,0.134670116
FBgn0002709,mei-218,16CC 3,0.096246088,0.047689618
FBgn0002709,mei-218,St2,0.029455698,-0.04300033
FBgn0267967,corolla,GSC CB 2CC,1.007713995,0
FBgn0267967,corolla,4CC,1.92924847,0.544976805
FBgn0267967,corolla,8CC,2.220901139,0.681910612
FBgn0267967,corolla,16CC 2a 1,1.558897967,0.349968855
FBgn0267967,corolla,16CC 2a 2,1.662195733,0.407062879
FBgn0267967,corolla,16CC 2ab,1.038845286,0.022198536
FBgn0267967,corolla,16CC 2b,0.74340622,-0.203645006
FBgn0267967,corolla,16CC 3,0.414980441,-0.504771657
FBgn0267967,corolla,St2,0.10191852,-0.865536218
FBgn0030877,Arp8,GSC CB 2CC,0.273472318,0
FBgn0030877,Arp8,4CC,0.333139923,0.06606061
FBgn0030877,Arp8,8CC,0.276659375,0.003606052
FBgn0030877,Arp8,16CC 2a 1,0.324660766,0.056855345
FBgn0030877,Arp8,16CC 2a 2,0.320728758,0.052566607
FBgn0030877,Arp8,16CC 2ab,0.615216028,0.342959532
FBgn0030877,Arp8,16CC 2b,0.511919603,0.247613826
FBgn0030877,Arp8,16CC 3,0.597929573,0.327436224
FBgn0030877,Arp8,St2,0.240586747,-0.037744982
FBgn0030931,Xrcc2,GSC CB 2CC,0.072906793,0
FBgn0030931,Xrcc2,4CC,0.071415434,-0.002006765
FBgn0030931,Xrcc2,8CC,0.076132956,0.004331584
FBgn0030931,Xrcc2,16CC 2a 1,0.114750301,0.055195839
FBgn0030931,Xrcc2,16CC 2a 2,0.086421632,0.018059362
FBgn0030931,Xrcc2,16CC 2ab,0.167996364,0.122511034
FBgn0030931,Xrcc2,16CC 2b,0.064418111,-0.011459787
FBgn0030931,Xrcc2,16CC 3,0.059254942,-0.01847489
FBgn0030931,Xrcc2,St2,0.02136089,-0.071032028
